{
  "7897": {
    "name": "arena-z",
    "network": "mainnet"
  },
  "65536": {
    "name": "automata",
    "network": "mainnet"
  },
  "8453": {
    "name": "base",
    "network": "mainnet"
  },
  "60808": {
    "name": "bob",
    "network": "mainnet"
  },
  "7560": {
    "name": "cyber",
    "network": "mainnet"
  },
  "183": {
    "name": "ethernity",
    "network": "mainnet"
  },
  "33979": {
    "name": "funki",
    "network": "mainnet"
  },
  "177": {
    "name": "hashkeychain",
    "network": "mainnet"
  },
  "57073": {
    "name": "ink",
    "network": "mainnet"
  },
  "1135": {
    "name": "lisk",
    "network": "mainnet"
  },
  "957": {
    "name": "lyra",
    "network": "mainnet"
  },
  "1750": {
    "name": "metal",
    "network": "mainnet"
  },
  "185": {
    "name": "mint",
    "network": "mainnet"
  },
  "34443": {
    "name": "mode",
    "network": "mainnet"
  },
  "10": {
    "name": "op",
    "network": "mainnet"
  },
  "291": {
    "name": "orderly",
    "network": "mainnet"
  },
  "8008": {
    "name": "polynomial",
    "network": "mainnet"
  },
  "6805": {
    "name": "race",
    "network": "mainnet"
  },
  "690": {
    "name": "redstone",
    "network": "mainnet"
  },
  "360": {
    "name": "shape",
    "network": "mainnet"
  },
  "1868": {
    "name": "soneium",
    "network": "mainnet"
  },
  "5330": {
    "name": "sseed",
    "network": "mainnet"
  },
  "254": {
    "name": "swan",
    "network": "mainnet"
  },
  "1923": {
    "name": "swell",
    "network": "mainnet"
  },
  "624": {
    "name": "tbn",
    "network": "mainnet"
  },
  "130": {
    "name": "unichain",
    "network": "mainnet"
  },
  "480": {
    "name": "worldchain",
    "network": "mainnet"
  },
  "2702128": {
    "name": "xterio-eth",
    "network": "mainnet"
  },
  "7777777": {
    "name": "zora",
    "network": "mainnet"
  },
  "9897": {
    "name": "arena-z-testnet",
    "network": "sepolia"
  },
  "84532": {
    "name": "base",
    "network": "sepolia"
  },
  "66665": {
    "name": "creator-chain-testnet",
    "network": "sepolia"
  },
  "111557560": {
    "name": "cyber",
    "network": "sepolia"
  },
  "233": {
    "name": "ethernity",
    "network": "sepolia"
  },
  "3397901": {
    "name": "funki",
    "network": "sepolia"
  },
  "763373": {
    "name": "ink",
    "network": "sepolia"
  },
  "4202": {
    "name": "lisk",
    "network": "sepolia"
  },
  "1740": {
    "name": "metal",
    "network": "sepolia"
  },
  "919": {
    "name": "mode",
    "network": "sepolia"
  },
  "11155420": {
    "name": "op",
    "network": "sepolia"
  },
  "16481": {
    "name": "pivotal",
    "network": "sepolia"
  },
  "6806": {
    "name": "race",
    "network": "sepolia"
  },
  "11011": {
    "name": "shape",
    "network": "sepolia"
  },
  "1946": {
    "name": "soneium-minato",
    "network": "sepolia"
  },
  "625": {
    "name": "tbn",
    "network": "sepolia"
  },
  "1301": {
    "name": "unichain",
    "network": "sepolia"
  },
  "4801": {
    "name": "worldchain",
    "network": "sepolia"
  },
  "999999999": {
    "name": "zora",
    "network": "sepolia"
  },
  "11763072": {
    "name": "base-devnet-0",
    "network": "sepolia-dev-0"
  },
  "11155421": {
    "name": "oplabs-devnet-0",
    "network": "sepolia-dev-0"
  }
}
